person_id,activity,interest,early_joined,joined_later,contact_ids
0,0.30471707975443135,-0.059282646025932216,0,1,1|2|3|4|5|6|7|10|13|18|21|25|41|43|49|53|54|62|67|68|74|94|95|103|120|137|155|165|170|180|187|200|213|229|384|457|470|482|619|668|680|684|687|822|830|855|871|903|909|932|951|994
1,-1.0399841062404955,-0.72928693637366149,0,1,0|5|8|12|31|32|43|47|51|69|70|94|123|129|174|213|255|279|305|391|413|455|536|572|732|789|842|861|931|952|971
2,0.75045119580645725,-0.41447306583585852,0,0,0|4|6|355
3,0.94056471639121386,0.63391037773374237,0,1,0|4|13|14|18|19|27|29|34|36|44|46|50|65|75|78|81|86|96|112|119|138|159|234|241|264|274|294|318|348|364|369|397|411|422|424|426|432|456|485|522|592|637|649|665|705|714|794|883|927|953
4,-1.9510351886538364,0.002993291199955732,0,1,0|2|3|5|9|10|11|12|16|20|21|25|29|30|34|37|38|52|55|56|58|62|67|69|72|74|78|84|85|93|111|113|122|125|128|130|133|135|192|194|197|216|221|222|224|253|258|270|289|300|303|317|341|342|350|358|371|393|414|430|454|456|492|511|534|540|542|548|553|608|625|627|642|644|693|757|758|764|765|766|768|773|781|809|844|861|919|933|935|944|964|982|984
5,-1.3021795068623181,0.34020997686833787,1,,0|1|4|6|7|8|9|11|15|16|17|18|20|23|24|31|33|38|44|56|71|72|79|80|83|85|86|91|104|105|144|145|151|159|186|190|191|210|246|250|259|264|267|268|281|296|310|331|343|364|373|377|410|437|442|452|467|504|524|527|529|538|609|660|664|684|715|716|745|751|752|759|804|817|818|831|883|900|943|944|978|981
6,0.12784040316728537,0.67007924220218984,0,1,0|2|5|7|8|11|12|13|24|26|28|39|40|43|45|46|51|57|64|66|76|77|83|91|93|99|107|114|118|119|134|139|143|169|178|188|191|192|199|200|249|263|281|290|305|314|315|317|324|334|344|346|362|367|383|387|402|407|418|424|434|446|460|461|489|491|524|553|575|599|643|654|665|672|734|790|795|797|810|832|888|889|951|954|978|985|989|990
7,-0.31624259234358221,-0.37484146289760961,0,1,0|5|6|9|10|14|15|19|20|21|25|30|33|41|44|49|56|58|64|74|82|86|87|110|111|123|126|132|150|161|162|179|195|201|225|227|231|232|261|267|291|318|324|339|340|345|350|356|365|393|401|407|419|426|431|441|445|446|452|489|510|513|582|583|586|603|614|627|695|746|757|801|871|882|884|947|995
8,-0.016801157504288795,0.75624816362980607,1,,1|5|6|14|22|35|39|58|61|71|80|83|88|133|156|195|204|233|251|272|304|308|320|343|368|382|410|470|485|495|512|544|635|679|756|768|798|826|883|894
9,-0.85304392757358005,0.37884260345839443,0,1,4|5|7|26|42|57|105|138|151|163|212|229|231|233|235|238|297|299|370|389|390|395|436|654|656|680|743|800|851|854|919|922|955
10,0.87939797486282856,-1.2348130869114786,0,1,0|4|7|17|19|23|24|40|48|53|60|63|66|95|98|109|112|114|129|163|169|172|192|237|246|255|284|302|320|345|351|356|403|452|501|542|575|636|688|690|701|798|847|853|915
11,0.77779193542894831,1.4423047911862443,1,,4|5|6|90|100|104|127|174|240|342|471|732|873|945
12,0.066030697561216045,-0.50074474375691613,0,1,1|4|6|15|22|29|46|47|50|51|55|68|97|98|99|101|128|136|143|148|150|154|174|203|206|218|259|262|266|267|277|292|326|344|425|451|464|493|494|516|545|568|590|655|664|677|693|700|711|724|726|761|834|835|874|875|958|965|985
13,1.1272412069680329,-1.6550953431851838,0,0,0|3|6|35|59|79|97|122|168|232|256|286|437|459|631|666|744
14,0.4675093422520456,-1.0450437095863023,0,1,3|7|8|16|17|27|30|32|48|59|87|103|115|149|157|219|223|247|268|331|497|604|860
15,-0.85929246288323824,-1.021045160678322,1,,5|7|12|89|113|114|134|177|183|526|534|655|830|968
16,0.36875078408249884,0.052173318657533468,0,1,4|5|14|22|28|48|53|61|66|102|106|116|121|126|135|163|232|339|352|502|561|604|616|646|675|758|838|972|991
17,-0.9588826008289989,-0.27385050554623719,0,1,5|10|14|409|449|749
18,0.87845030130727253,-0.33683196764059287,0,1,0|3|5|88|91|127|188|209|292|405|432|595|720|847|865|921|947
19,-0.049925910986252896,0.61970196548247891,0,1,3|7|10|33|52|76|90|167|207|404|532|598|700
20,-0.18486236354526056,0.33987536119270378,1,,4|5|7|23|73|121|140|145|230|298|418|456|471|500|552|737|841|916
21,-0.68092954440394138,0.31604787064428624,0,1,0|4|7|69|164|190|293|435|766|849|892|959|998
22,1.2225413386740303,0.40982845732869266,1,,8|12|16|27|31|34|45|68|71|92|93|122|148|161|167|178|230|284|323|333|335|359|361|392|393|398|502|573|613|626|704|747|770|816|857|889|999
23,-0.15452948206880215,0.61613466800223826,0,1,5|10|20|57|76|137|149|221|311|312|507|571|600|707|921|963
24,-0.42832782216310722,-2.107953341777443,0,0,5|6|10|39|137|208
25,-0.35213355048822959,-0.36443825226446119,1,,0|4|7|26|36|45|47|60|65|82|84|104|115|121|224|263|289|321|354|379|415|720|745|788|812|898|953|996
26,0.53230918555334872,-2.180210064489474,0,1,6|9|25|28|36|73|88|136|147|175|248|301|341|351|380|408|463|514|541|547|551|589|621|779
27,0.36544406436407834,0.036059926797795412,0,0,3|14|22|37|38|80|189|288|295|388|420|491|537|815
28,0.4127326115959884,-0.0046329722243453201,1,,6|16|26|242|317|495|566|611|686|795|827|866|901|945|999
29,0.43082100300788273,1.0455322747896802,0,0,3|4|12|42|63|70|101|117|123|141|147|414|579|590|607|667|892
30,2.1416476008704612,1.1876343927211208,0,1,4|7|14|32|54|131|143|205|206|228|257|265|307|315|316|423|486|554|783|829
31,-0.40641501638461558,0.20277504825236733,1,,1|5|22|67|84|100|184|222|223|234|271|480|533|574
32,-0.51224272907153734,-0.50036107739689983,0,1,1|14|30|258|378|465|617|676|696|870|914|954
33,-0.81377272824787772,0.48516111254573785,0,1,5|7|19|55|145|153|207|234|297|306|339|385|434|435|546|562|685|940
34,0.61597942257549565,-0.52791763732431352,0,1,3|4|22|35|37|40|52|63|64|102|136|139|141|152|186|193|195|214|219|253|273|274|320|325|353|387|395|497|532|541|589|623|679|763|767|824|911|918
35,1.1289722927208916,-0.001392651443348899,0,1,8|13|34|156|363|660
36,-0.11394745765487507,0.98613631696076776,0,1,3|25|26|42|313|328|514|877
37,-0.84015647696252804,-0.55777134598942357,0,0,4|27|34|78|108|125|131|244|321|449|614
38,-0.82448121569123956,0.80567863924250094,0,0,4|5|27|124|139|460|512|585|630|632|727|961
39,0.65059278782470109,0.67740136869230239,0,0,6|8|24|41|79|239|564|802
40,0.74325417120344228,-0.95479181713082151,0,0,6|10|34|152|817
41,0.54315426830519498,0.97389412821740096,0,1,0|7|39|49|65|155|199|223|300|389|396|410|535|567|672|744|925|931|943
42,-0.6655097072886943,0.69856634537150508,0,1,9|29|36|81|110|175|342|411|477|585|709|984
43,0.23216132306671977,0.10192588737265744,0,1,0|1|6|59|109|156|239|282|487|513|583|645|678|860
44,0.11668580914072822,-0.76232345802765222,0,0,3|5|7|54|110|116|467
45,0.21868859672901295,-0.85920601857557,0,1,6|22|25|50|89|126|127|140|165|176|177|189|290|299|336|380|400|483|530|637|659|663|686|707|776
46,0.87142877794818985,-0.53766257690302244,1,,3|6|12|72|92|142|152|177|220|318|338|401|566|626|888
47,0.22359554877468227,0.54259446329196004,0,1,1|12|25|108|130|162|377|384|439|471|473|531|587|717|722|903|977
48,0.67891356307189488,-0.95562516740139791,0,0,10|14|16|87|149|196|372|484|583|891|957
49,0.067579069488891461,0.43751224861986993,1,,0|7|41|60|73|389|451|561|634|791|869|876|897
50,0.28911939868998415,-1.2417555288783926,0,1,3|12|45|157|158|226|369|390|417|423|440|506|511|708|887|929
51,0.63128822583854038,-0.20406858443884895,0,0,1|6|12|75|96|116|120|128|226|277|330|413|541|608|900
52,-1.4571558198556664,0.10964775457400863,0,0,4|19|34|692|828|923|956
53,-0.31967121635730134,2.4451301450589167,0,1,0|10|16|97|132|303|329|561|565|827
54,-0.47037265429279551,-1.3773156555203674,0,1,0|30|44|61|118|227|303|386|453|488|598|671
55,-0.63887784824334193,1.4720145664901334,0,0,4|12|33|138|242|266|607
56,-0.27514225122668373,0.14984241398728004,0,1,4|5|7|70|99|107|108|111|112|166|205|221|243|299|316|362|364|376|382|398|402|423|428|461|492|543|648|653|673|694|760|770|772|790|828|850|917|980
57,1.4949413112343959,0.41117191801596314,1,,6|9|23|386|780
58,-0.86583111569324323,0.11834791338820451,1,,4|7|8|82|239|274|386|430|435|473|507|514|547|591|610|645|753|930
59,0.96827835459148082,0.44472681819523302,0,1,13|14|43|129|146|161|248|331|632|939
60,-1.6828697716158048,-0.15368510436201774,0,1,10|25|49|184|197|277|333|468|512|578|596|704
61,-0.33488502998577485,1.4540501814574582,0,1,8|16|54|62|124|165|179|458|522|735
62,0.16275306510500559,-0.4564711442247224,1,,0|4|61|115|153|158|420|689
63,0.58622233135927815,1.1322345721792477,0,0,10|29|34
64,0.71122657979285497,-0.64436712021302289,0,1,6|7|34|75|315|390|416|425|568|574|662|748|771|780|872|931|992
65,0.79334723519992523,-0.060251846401286953,0,1,3|25|41|298|447|507|639|733
66,-0.34872507224843757,-1.0719625522902192,0,0,6|10|16|363|485|601|658|808|974
67,-0.46235179266456716,0.45502372034751992,0,1,0|4|31|94|481|587
68,0.85797588125715385,1.4451259569265338,0,1,0|12|22|167|282|486|669|923
69,-0.19130432488161489,-0.077356179820854076,0,1,1|4|21|77|95|164|280|443|444|551|578|601|930
70,-1.2756863233379219,-0.19688569870390954,1,,1|29|56|109|187|240|242|327|338|439|443|476|501|647|661
71,-1.1332872140034806,-1.1146169630679268,0,1,5|8|22|77|103|166|170|236|273|297|361|381|391|451|463|571|720|774|801|838|858|905|962|995
72,-0.91945228600161133,-0.2292926535523081,0,1,4|5|46|772
73,0.49716074405376404,-1.5927942597215277,0,1,20|26|49|210|238|314|335|492|576|682|763|901|963
74,0.14242573607056525,-0.91287798671882725,0,0,0|4|7|106|124|181|264|290|309|398|653|820|830
75,0.69048535406776823,0.22678604610913541,0,1,3|51|64|132|183|406|994
76,-0.42725264633653426,1.3190131977413961,0,1,6|19|23|81|85|285|429|469|472|479|495|496|617|711|799|874
77,0.15853969107671423,2.809210861229503,0,1,6|69|71|117|193|216|306|325|481|482|619|709
78,0.62559039396733673,-0.58658508507090068,0,1,3|4|37|90|237|273|409|519|544|577|658|663|736|806|866
79,-0.3093465397202384,1.43530015664544,0,1,5|13|39|187|205|230|328|545|968
80,0.45677523755741145,0.2437524804016479,0,1,5|8|27|96|135|217|243|289|438|461|518|547|564|776|878
81,-0.66192594106665126,-0.15124764674637586,0,1,3|42|76|89|153|203|206|228|281|332|351|394|422|472|488|538|548|587|621|638|687|794|869|908|909|912|958
82,-0.36305384656507178,0.43259445172615218,0,1,7|25|58|324|433
83,-0.38173789399832908,0.061916483679959181,0,0,5|6|8|825
84,-1.1958396455890397,0.11039572561221853,0,0,4|25|31|202|316|365|508|527|749|932|941
85,0.48697248078558181,-0.4083331628266692,0,1,4|5|76|92|107|244|252|311|361|479|483|490|693|808|948|949
86,-0.46940234020272387,-1.3981096597988507,0,1,3|5|7|188|258
87,0.01249411872768743,-1.5436252025220816,1,,7|14|48|305|515|849
88,0.48074665890590895,0.65324488328122698,1,,8|18|26|100|280|296|450|535|668|760
89,0.44653117602994408,-0.27670009008571339,0,0,15|45|81|102|159|460
90,0.66538510897278624,-0.59608889965616663,0,1,11|19|78
91,-0.098485484509423613,0.008505626723153567,0,1,5|6|18|170|225|250|286|370|439|455|487|642|723|756|835|952
92,-0.42329831204415375,0.79493225291562752,0,1,22|46|85|416|457|490|729|741
93,-0.079718210906399051,0.18036394302639819,0,0,4|6|22|101|168|202|211|261|321|330|383
94,-1.6873344339580298,-0.65605493664096737,0,0,0|1|67|113|160|171|257|412|530|709|716|733|890|906
95,-1.4471124724230873,1.2262929556489497,1,,0|10|69|98|117|173|185|204|265|337|371|417|421|433|436|516|570|609|651|748|750|788|853|946
96,-1.3226996123544024,1.579185502981632,0,1,3|51|80|202|292|525|602|606|649
97,-0.99724682760148176,0.49455665532285331,0,0,12|13|53|120|125|172|201|227|539|579|652|826|917
98,0.3997742267234366,0.97366351134409013,1,,10|12|95|133|141|144|148|193|327|842|852|971
99,-0.90547905536006079,1.2419599968138111,0,0,6|12|56|185|220|288|291|322|359|506|592|844|920|932
100,-0.3781625540393897,1.1300993164045137,1,,11|31|88|181|203|399|505|570|758
101,1.2992282977860654,0.61409917711262363,0,1,12|29|93|105|334|368|454|706|836|922
102,-0.35626397106142593,0.59834704707488284,1,,16|34|89|106|166|293|551|622|649|691|749|774|834|872|968
103,0.73751556846708655,0.51966057334650262,1,,0|14|71|178|421|453|550|638|642|702|731|742|935
104,-0.93361768000987699,-1.0973376745470436,0,1,5|11|25|164|214|308|975
105,-0.20543755786763002,0.70072315685958575,0,1,5|9|101|176|180|245|575|591|678|728|819|891
106,-0.95002205491058123,-1.355813971126554,0,1,16|74|102|181|254|304|336|379|478|625|651|887|907|986
107,-0.33903307590056248,-0.79459945512505492,0,1,6|56|85|275|280|332|366|480|713|824
108,0.84030813745739552,1.3035650678080875,1,,37|47|56|142|176|186|494|606|610|619|834|864
109,-1.7273204231923487,0.84022016269419753,0,0,10|43|70|859
110,0.43442364354585733,1.4873982896858626,1,,7|42|44|282|402|699|740|813|914|961
111,0.23773560233227789,-0.27167438368729224,0,0,4|7|56|130
112,-0.59414995569679441,-1.1522488412767675,0,1,3|10|56|182|287|350|602|879|893|939
113,-1.4460578543884546,-0.24043719707034283,0,0,4|15|94|263|283|377|428|474|489|614|618|629|650|662|745|811|864|915
114,0.072129507713869515,0.10203129724057421,0,1,6|10|15|118|225|226|254|858|942
115,-0.52949270906380241,0.078988716340009688,0,0,14|25|62|155|175|198|209|278|354|355|635|689|698|837|840|851|969
116,0.23267621135470395,1.1336804787567016,0,0,16|44|51|119|140|265|298|392|821|959
117,0.021852145523442879,-0.36127042500344553,0,1,29|77|95|204|218|262|286|287|288|326|343|358|365|387|475|546|548|718|739|799|807|865|898|921
118,1.6017788913209154,0.35203447180292424,0,1,6|54|114|160
119,-0.23935562747302427,-0.98862714943460606,1,,3|6|116
120,-1.023497492621865,0.450317278043813,0,1,0|51|97|134|190|199|579|605|729|752|781
121,0.17927563495631615,0.003108550185636745,1,,16|20|25|247|459|531
122,0.21999668397176517,-0.74981333828451746,0,1,4|13|22|150|346|397|418|518|529|628|722|773|860
123,1.3591875752404365,-0.23582936217485281,0,1,1|7|29|169|450|555|616
124,0.83511124591457853,-0.18417574651522164,0,0,38|61|74
125,0.35687105914950934,-0.27015512933709618,0,1,4|37|97|172|397|764
126,1.4633028912195618,1.7713412422676835,0,1,7|16|45|251|347|504|578
127,-1.1887630543228509,-0.098446002307879629,0,1,11|18|45|999
128,-0.63975153274974772,-0.24389611017733773,0,1,4|12|51|146|173|214|237|276|596
129,-0.92657594140552491,-2.0974509576101417,0,1,1|10|59|131|173|241|294|357|468
130,-0.38980980315576796,-0.89420735197947732,0,0,4|47|111|142|208|670|742|966
131,-1.3766861475563088,-0.26307342445635284,0,0,30|37|129|376|573|609|624|656|703|712|854|934|989
132,0.63515094681440432,-0.68585267617664281,1,,7|53|75|212|309|413|446|558|621|654
133,-0.22222269709877338,1.3817075933777969,0,1,4|8|98|207|392
134,-1.4708062945026579,-0.16493777539621862,1,,6|15|120|158|189|215|220|378|517|801|957
135,-1.0155790812075416,1.2884442493182524,0,1,4|16|80|211|218
136,0.31351384745019528,0.061704634050368024,1,,12|26|34|146|211|250|313|329|462|540|602|934
137,0.83812656789438111,0.037227836421576635,1,,0|23|24|552|893|929
138,1.9967308916917865,-0.088796447712500948,0,1,3|9|55|154|198|310|405|431|560|796
139,2.9138624660073296,0.0037962516214591325,0,1,6|34|38|144|147|301|525|820|877
140,0.41440943327599639,1.7187950030498593,0,1,20|45|116|171|890
141,-0.98953812003186414,-2.3196107267512183,0,0,29|34|98|180|269|359
142,-2.1320462807313092,-2.0015457444386788,0,1,46|108|130|524
143,0.2677114623438358,-0.54317083105611386,0,0,6|12|30
144,-0.81294109531032599,0.014527881937568883,1,,5|98|139|208|210
145,-0.41535726017968533,0.69010442476401235,0,1,5|20|33
146,-0.61209679905980807,0.47308719802747518,0,1,59|128|136|160|179|228
147,-0.14079088641638526,-0.3842459128805702,0,0,26|29|139|447|755
148,1.0659802307876436,1.0190436932417624,0,1,12|22|98|198|411
149,0.15704856744534462,1.0301954031527309,0,0,14|23|48|151|182|478|508|769|832
150,-0.1586348370386883,0.18405783127156553,1,,7|12|122|157|251|582|734|915|944
151,-1.0356537528258116,0.96265757248684125,0,0,5|9|149|154|217|253|254|256|633
152,-1.674682944704357,0.2726452634321288,0,1,34|40|46|162|209|334|341|380|412|453|523|789|818|846|904
153,-0.48630790907333088,-0.56148302678288364,0,0,33|62|81|183|523|867
154,-0.053782550818320493,0.69781683900000469,0,1,12|138|151|640
155,1.7679299135798829,0.11061312257867771,0,1,0|41|115|272|425|729|884
156,0.13027452147288585,0.0013398467544869291,1,,8|35|43|168|200|259|260|285|309|319|330|356|462|613|725|785|836
157,0.98273951102305757,1.4729535721895743,1,,14|50|150|279|323|606|624|653|715
158,-0.49929559853915206,-2.4508721285400865,0,0,50|62|134|196|479|520
159,-1.1849437664170246,-1.4176841701595697,0,1,3|5|89|252
160,-0.96511676223237186,-1.1870704263743701,0,0,94|118|146|171|224|249|329|458|738
161,-0.72522606453575322,-0.36326064756880561,0,1,7|22|59|182|194|196|236|246|256|260|399|597|864|941|946|983
162,2.1284697324351645,-0.25460816976603012,0,1,7|47|152|219|335|429|521|622|652|867|974
163,-0.82138667922438613,-1.5073256477730475,0,0,9|10|16|229|644|717
164,0.83848920373634495,-0.98515803231082633,0,0,21|69|104|184|235|276|407|459|671|719|880
165,-0.90292717808702638,-0.86084167852357019,1,,0|45|61|213|271|661
166,0.9315730128742441,2.4574240920758919,0,0,56|71|102
167,0.38495096610586316,1.8017419477471466,1,,19|22|68|680|697
168,-0.15663789765809041,-0.41174941768464929,0,1,13|93|156|217|725|881|904
169,-0.040762526135434025,-0.36358329030679892,1,,6|10|123|216|269|395|408
170,-0.65478769542939042,-1.1492039971882941,0,0,0|71|91|272|295|301|857
171,0.44607220148208054,-1.9081304132252668,0,0,94|140|160|191|262|338
172,-0.45498348034078001,-0.11688018640852403,1,,10|97|125|694|736
173,-1.2256057637672482,-0.99785198324402569,1,,95|128|129|337|372|404|631|741
174,-1.2779375743196193,-0.084850531662009773,0,0,1|11|12
175,0.17258791772211948,-1.6002058490434774,0,0,26|42|115|249|699
176,1.5790912564104349,-0.76197445831025779,0,0,45|105|108|882
177,0.15999161357343825,0.14862709530283086,0,0,15|45|46|552|655
178,-0.11863832610988256,0.36620959778393741,0,0,6|22|103|185|776
179,0.28582613960254288,0.41747195874201454,1,,7|61|146|194|895
180,1.3060017417068248,-1.3204889841570373,0,1,0|105|141|201
181,0.21938250136385634,0.85468573013556171,0,1,74|100|106|427|754|822
182,-0.41092723083373717,-0.80021169660185032,0,0,112|149|161
183,1.1062887100598888,0.63285791460730645,0,1,15|75|153|385|426|690
184,0.42875643846161349,-0.010638676618193147,0,0,31|60|164|247|879
185,1.535755991995992,-1.3763874990779479,0,1,95|99|178|283|501|769
186,0.18323443722190613,-0.31619770458118795,0,1,5|34|108|215|255|285|345|740
187,-1.2244690317205003,0.36536374206376759,0,0,0|70|79|876
188,-1.368159199245665,0.61296538047459903,1,,6|18|86|328|462|515
189,1.6509279322312496,-0.14098789744441861,1,,27|45|134|366|502|778|839
190,1.7236657207832971,1.5317788906010528,1,,5|21|120|278|472|563|713|822|863|945
191,-0.17951921328260065,1.0075107709865589,0,0,5|6|171|276|293|352|370|543|597|799
192,-0.38318732113598775,-0.25665411639975283,0,0,4|6|10|266|269|347|726
193,1.4614442922422022,0.75012181213694451,0,1,34|77|98|197|312|441|448|783
194,-1.107045682043488,1.9337934851881868,0,0,4|161|179|843
195,-0.8947270189558264,1.960484600783027,0,0,7|8|34|222|236|604
196,0.64332679468904441,-1.2279998808224974,0,0,48|158|161|589
197,-0.3946051228595896,-0.92653311115715065,0,1,4|60|193|260|620|636|708|887
198,-0.0051218667200712961,1.4849187867338509,0,0,115|138|148|296|322|519|567|650|820|898
199,-0.16344289852451258,-1.0582810508376372,0,1,6|41|120|212|241|302|352|360|659|671|711|717|739|778|831|979
200,0.33757454879893356,-1.322541133291679,0,1,0|6|156|240|526|537|605|612|795
201,1.4074818613137168,-0.48619413069904688,0,0,7|97|180|275|667
202,0.090584906901745546,0.42022670947458574,0,1,84|93|96|812
203,0.64393879327685788,-0.10239670661109637,0,1,12|81|100|311|819|897
204,-2.0501721010310225,-0.65056362040559212,0,1,8|95|117|408|409|595|607|793
205,-0.048718401930117949,-0.67421246172450899,0,1,30|56|79|319
206,-0.84323027029287112,-0.71233706441270872,0,1,12|30|81|287|372|388|450|554|558|670|685|865|906
207,-1.218813060423628,-0.87950962865894255,0,0,19|33|133|245|862
208,-0.87815236692875076,2.2816328772760617,0,1,24|130|144|215|233|362|466|525|588|600|610|625|660
209,-0.33412344070081207,0.29751107118555492,1,,18|115|152|238|307|319|563|796
210,0.91590254235601309,0.88675905440473857,0,1,5|73|144|434
211,-1.326392717739564,-0.48907746811892372,1,,93|135|136|737
212,0.030631492594417446,-0.18595667718604886,0,0,9|132|199
213,-0.48416943333357848,-0.71355398137035497,0,1,0|1|165|414|503|522|603|681|743|750|793|996|998
214,-0.32767309436196085,-2.6517083349192019,0,0,34|104|128|312|544|565|593|886
215,1.0027578253046041,-1.3780092768478662,0,0,134|186|208|510
216,0.53811543700392606,-1.8106186799803947,1,,4|77|169|314|535
217,1.3373981074427437,-2.2497837779516074,0,0,80|151|168|302|353|360|814|848|927
218,-0.15450567924990047,-1.1953589742981028,0,0,12|117|135|560|750|823
219,-0.69594261167070304,1.3249556793816308,0,0,14|34|162|252|416|476
220,-0.22385881688049952,-0.044436167704354421,0,1,46|99|134|294|482|646|761
221,0.24249679127122159,1.2905637623211741,0,0,4|23|56
222,0.17657335845371103,0.41098257690087531,0,0,4|31|195|376|470|803|809
223,-1.0843880722333665,0.78255882571515922,0,1,14|31|41|354|560|905|938|993
224,0.090489781627874216,-0.90089699530457512,1,,4|25|160|231|261|474|539|784|836|980
225,0.22822833013890514,0.52395095419267079,0,1,7|91|114
226,2.5174740375339204,0.72871423407434588,0,0,50|51|114|431|527|983
227,1.8768446112816701,-0.57664729223369293,1,,7|54|97|737|863|907
228,-0.85324335055882006,0.55954037061616635,1,,30|81|146|248|326|726
229,-0.2873833615491761,0.56618775857483294,1,,0|9|163|275|374|381|675|683|689|742|761
230,-1.4634420018370031,-0.54955262113008285,0,1,20|22|79|349|449|493|565|591|674|703|769
231,-0.59070701396348646,-1.122768432270995,0,0,7|9|224|235|648
232,0.31560500359034049,-1.1841283318982723,0,0,7|13|16|611|940
233,1.2058536208882336,0.086505541921461787,1,,8|9|208|584|635|909
234,-0.72908383774360852,0.32700986878931482,0,0,3|31|33|503|545|829
235,-0.65414644006779654,-0.79252583045791447,0,0,9|164|231|509|712|782|792
236,-2.1472890297386549,0.02658534132609864,0,0,71|161|195|245|743|942|969
237,-0.16266592054490767,0.57053703613848539,0,0,10|78|128|323|562
238,-1.0624144118595631,0.61819071466530084,0,1,9|73|209|243|270|284|374|396|403|488|519|673|721
239,-0.52943942736607374,1.5518801201224885,0,0,39|43|58
240,-0.87686077816758823,1.2769808321980434,0,1,11|70|200|244|349|569|724|859|972
241,-0.094262554252556988,-1.0012914327565441,1,,3|129|199|336|388|549|593|641|695
242,-1.7577283913566313,1.6835862095380225,0,1,28|55|70|279|322|504|549|713|839
243,-1.4670452453909906,-0.53097650455571477,0,0,56|80|238|412|669|684|787
244,2.1292471120282981,1.0448728124544275,0,1,37|85|240|291|532
245,-1.287422581274031,0.06798662605108885,1,,105|207|236|271|740
246,-1.0967855784546396,-0.41214937845696759,0,1,5|10|161|679|829|880|987
247,1.836913528321314,-1.8076968597749328,0,1,14|121|184|394|445|457|536|955|957|977
248,2.9050671692404069,-0.17156451021634819,0,1,26|59|228|268|876
249,-1.1715666288253417,-1.559383235305609,0,0,6|160|175|357
250,-0.36824895678803055,0.96729923584277233,0,0,5|91|136|443|568|603
251,0.34155555094050954,1.516792657139248,0,1,8|126|150|618|687
252,1.7286976444055924,-0.79691098929669024,0,0,85|159|219|257|419|424|763|837
253,-0.98685707842823744,0.30197074251927114,0,0,4|34|151|340|444|496|556
254,-0.24527784594210975,-0.72539152200797541,0,0,106|114|151|427|567
255,0.77733757606174403,-0.62848473013678963,1,,1|10|186|313|353|427|441|447|463|477|498|510|638|646|722|849
256,0.43476607446661863,0.77449470386537134,0,0,13|151|161|283|428|992
257,-0.37615607123009925,-0.038538261843412511,0,0,30|94|252|278|582|678|884
258,-0.13382296451604114,1.7396480419310116,0,0,4|32|86|333|394|483|645|755
259,-1.3748958083699818,-0.48223247870292102,0,0,5|12|156|295|508|918
260,-0.23817374397466523,0.99933633247448916,0,0,156|161|197|375
261,-0.26638749000895512,0.097413412957781984,0,0,7|93|224|270
262,0.23216988962625595,0.79577800974423318,0,0,12|117|171|529|615|878
263,-0.55532721881901603,-0.44715765732994672,0,0,6|25|113|306|628|692
264,0.471538522545139,-0.049558837551582711,1,,3|5|74|368
265,1.0127158178198286,-0.11549887929893475,1,,30|95|116|406|804|934
266,0.15542932766846604,-0.83605711484578715,0,1,12|55|192|379|588|644|839|929
267,0.35175640839920347,0.66208153458175267,0,1,5|7|12|308
268,0.053155347577867364,0.65024900557836418,0,1,5|14|248|772|976|979
269,8.4393091414180428e-05,0.59355469490556667,0,0,141|169|192|675
270,-0.72155803354284742,1.5369656539176446,0,0,4|238|261|594|935
271,0.31649426167330802,1.4493448012363035,0,1,31|165|245|325|367
272,-0.097286598413489467,-0.37494468984913537,0,0,8|155|170|307|523|882
273,2.0931683089305948,0.37305231843417824,0,1,34|71|78|332|494|643|927|982
274,1.5733549024752425,-0.62360068925821266,1,,3|34|58|445|779
275,0.3858465525565008,0.023355316114555456,0,0,107|201|229
276,-0.76305720969476754,-0.59974944911886474,0,0,128|164|191|506
277,-1.1124114719834179,1.6200703091360511,0,0,12|51|60
278,1.1911429530888651,0.36369815034296282,0,0,115|190|257|355|815
279,0.2627492251471385,-0.21802912810442213,0,1,1|157|242|304|538|623|833
280,0.48014340339161082,1.193618571856377,1,,69|88|107|913
281,-1.7445859869741926,-2.1706154097954116,0,0,5|6|81|349|363|433|440|537|628|751
282,0.92743848155818076,-2.0141025948652898,0,1,43|68|110|384
283,0.45442033821436295,0.79583865521977393,0,0,113|185|256|300
284,-1.110430684414478,0.060468448117368061,0,0,10|22|238
285,-0.47152480744994896,0.25044630026076065,0,1,76|156|186|517|978
286,0.26371720435651957,-1.3263961033185487,0,1,13|91|117|366|417|481
287,0.052466798356243627,-0.023233710850366202,1,,112|117|206
288,-0.292171185803555,2.003509410401342,0,0,27|99|117|629
289,-0.10348826806596086,0.82419961979586287,0,1,4|25|80|509|661
290,-0.25197737820688537,0.16970654514281211,0,0,6|45|74|746
291,0.15256251210246857,-0.43905391010493766,1,,7|99|244|490|658|973
292,1.471491972993157,-0.39457285186939384,0,1,12|18|96|404
293,-2.5666584409312976,-2.1291978892000176,0,0,21|102|191
294,-0.23685026450968424,0.25764042092116057,0,0,3|129|220
295,0.17651242137244696,0.84548310848185393,0,0,27|170|259|498|718|943
296,0.2959939896870995,-1.5756193271706151,0,0,5|88|198|310|344|476|478|528|572|627|765|806
297,-0.37191458132128985,-0.661416892306816,0,0,9|33|71|486|580
298,-1.7567217824785826,-1.1574646322334221,0,0,20|65|116
299,0.32799548371410964,-0.96535119480876352,0,0,9|45|56|894
300,1.727350214164185,0.053481626821900219,0,1,4|41|283|347|533|871
301,-1.5338614049161376,-2.0844021549884744,0,0,26|139|170|580|617|639|733|928|947
302,0.86382801369818829,0.61427043835706396,1,,10|199|217|580|634
303,-0.32852522312289389,0.75385506993368223,0,1,4|53|54|382|415|626|747
304,-0.061324345828847299,-0.25110258803691249,0,1,8|106|279|346|358|403|517|562|731|853|899
305,-1.052898510703949,-2.4807085099845416,0,0,1|6|87|391|442|469|924
306,-0.33445617235587666,-0.99641862600238962,1,,33|77|263|340|442|467|597
307,1.3000445946989585,1.2329019341026966,0,1,30|209|272|373|816
308,0.58265524198770702,-2.7779942807285725,0,0,8|104|267
309,1.7323116054099441,-0.34752341219351923,0,1,74|132|156|637|751
310,1.1774118889776937,-1.180000778467259,0,1,5|138|296|576|641|738|815|908
311,0.4390866789295762,0.80457030158483656,0,0,23|85|203|464|566|910
312,1.7439345261677921,-0.67511395214346137,0,0,23|193|214|437|475|480|509|930
313,0.43899315873829875,0.40395402073561154,1,,36|136|255|375|791
314,0.82798817679705894,0.56546041916909306,0,1,6|73|216|367|383|405|500|542|698|779
315,-0.29657095353470836,1.83622583973002,1,,6|30|64|466|520
316,0.066545815859204827,-0.20294194367537022,0,0,30|56|84|400|534|682|697|885|972
317,-0.69742382330027686,0.37604436962261134,0,0,4|6|28|400
318,0.98958393459485305,-1.485055479127436,1,,3|7|46|570|639|868|946|997
319,-1.1783036231148656,1.190413563293744,0,1,156|205|209|432|556|966|977|986
320,0.78235034241766133,-0.76050884807136465,0,0,8|10|34|401|819
321,-0.19065105750515945,-0.56075416408774559,0,1,25|37|93|327
322,1.1712470934673194,-0.022247794849210738,0,1,99|198|242|422|893|896
323,0.75086898873125985,-1.5628843453398495,0,1,22|157|237|348|385|475|676|985
324,1.8206461576468016,0.228770028928938,0,1,6|7|82|337|429|440|559|616|845|892
325,0.73077469113864479,0.96746627292501075,0,0,34|77|271|378|651|848
326,-1.5720402556532407,0.29293382349729158,0,0,12|117|228|484
327,-0.066953172898200838,-1.5888975641787251,0,0,70|98|321|574|663
328,-1.1720071925948159,-0.12380929432965958,0,0,36|79|188
329,-0.51827984236627467,0.74202890297949065,0,0,53|136|160|468|818|924|987
330,1.5112284332767216,-1.8779887659659078,0,0,51|93|156
331,0.63753381089769601,-1.074766013817714,1,,5|14|59|421|765|889
332,-0.69893042857874632,0.87654360408151999,0,1,81|107|273|406
333,-1.0137173664403989,0.27009543419728654,0,1,22|60|258|360|374|793
334,0.032782092876260792,0.41197158212675383,0,1,6|101|152|516|605|912
335,-1.2165601493811278,1.8594948076233115,1,,22|73|162
336,-0.67114027739658111,0.46855277850620258,0,1,45|106|241
337,0.31200947155124387,0.65788801043317935,0,0,95|173|324|469
338,1.1553120361066962,2.7107455272183261,0,1,46|70|171|348|936
339,0.60876147222443977,-0.2138045580904907,0,0,7|16|33|805
340,-2.2912895085981,-0.79788276361849508,0,0,7|253|306|857|885
341,0.3043667290302598,0.42779639824713273,1,,4|26|152|759|844
342,0.072033573232577919,0.43899102938889489,0,0,4|11|42|399|528|723
343,0.41389028537269307,-0.5267153919462082,0,1,5|8|117|715
344,1.6162096816512073,-1.0323970195548475,0,0,6|12|296|531
345,-2.0632382768047428,2.309844422090078,0,0,7|10|186|381|420|643
346,-0.59110342519110559,0.32684347038802292,0,0,6|122|304|464
347,0.59090632279335464,-0.73228538140207566,0,1,126|192|300|960
348,-1.5815943994539423,0.9159303022795986,0,0,3|323|338|691
349,1.4759490480535089,-0.1091451515613345,0,1,230|240|281|369|371|419|581|608|674
350,0.36835661270065839,-0.25288144631783127,1,,4|7|112
351,0.846583985843404,0.56227287191449327,0,0,10|26|81
352,-0.57094366152179454,-1.2918822682316899,0,0,16|191|199|518|556
353,0.81376368996621051,0.35262720391717239,0,1,34|217|255
354,1.0684715559890383,1.9129548077317522,0,1,25|115|223|666
355,0.23287802013716835,0.46617766219731077,0,0,2|115|278
356,0.23440089269869593,-0.37621210378346448,0,1,7|10|156|357
357,0.27034323928172588,-0.50710528042824199,0,0,129|249|356
358,-0.86334526473938167,-0.41033997334510935,1,,4|117|304|466|584|590
359,-0.14752868024035293,-0.25396267804778105,0,1,22|99|141|581|873
360,-0.15252253245235881,-0.37780653275827197,0,1,199|217|333|543|581
361,0.3833938643534951,0.91631144107456675,0,0,22|71|85
362,0.99982424691029459,-1.7332091032089831,0,0,6|56|208|521|554
363,-1.0585360819784093,0.86200005041213401,0,0,35|66|281|804|817
364,-0.12500903031957764,-0.37968652514256113,1,,3|5|56
365,1.4814555476589732,0.37694778569537224,0,1,7|84|117|396|791
366,-0.74358822881256414,-1.1269879102008638,1,,107|189|286|530|774
367,-0.82225001729032032,1.3286310668494361,0,1,6|271|314|622|846|960
368,0.20230619183119358,1.245634960171873,0,1,8|101|264|665|996
369,0.84438519048532013,0.95959052575007364,0,1,3|50|349|436|916
370,0.011426055560659331,-1.5147547757935393,0,0,9|91|191|373|974
371,1.3289605904369892,0.82912107106605282,0,1,4|95|349|438|455|594|905
372,0.85679398256652683,0.40485508763570888,0,1,48|173|206
373,0.84182006689006184,-1.6052712471325676,0,0,5|307|370|375|816|988
374,0.55411650132409329,-0.02429738377081549,1,,229|238|333|444
375,2.327653100346085,0.36453448903326252,0,0,260|313|373|685|835|970
376,-0.20516168886604419,0.55607527382315081,0,0,56|131|222
377,-2.0035222920665139,0.17726136694885572,0,1,5|47|113|656|686|705|741|982
378,1.604254361517141,0.29123141684737969,0,1,32|134|325|900
379,-0.45769943095682564,1.4736113922530956,1,,25|106|266
380,0.10788044434303304,1.2260339099106798,0,0,26|45|152
381,1.3095506848605269,-2.8670549537827434,0,0,71|229|345|633
382,-1.6022595410589253,-0.31743855483768202,0,1,8|56|303|487|496|536
383,-1.2516472141061394,-0.16465102754395128,0,1,6|93|314|588|714|805
384,-1.6012779371188537,-1.7520985727269711,0,0,0|47|282|596|775
385,-0.79413629002542385,0.09418305823231217,0,0,33|183|323|498|975
386,0.43963660601699356,1.2487577724105066,0,1,54|57|58
387,0.52418784281277098,-1.0865678595905903,0,1,6|34|117|557
388,0.27627417932855375,0.33640093868987231,0,0,27|206|241
389,-1.4127658838923665,-0.91582347729643776,0,0,9|41|49|505|694
390,-2.3101034366326441,-0.67191202367967684,1,,9|50|64|739|879|942
391,0.054353585390382264,1.4773936341700351,0,0,1|71|305|832
392,-0.47177603363833576,-0.54255782011182496,0,1,22|116|133|669|719|825|904|951
393,0.45938577171661177,0.46221248901062467,0,0,4|7|22|692
394,0.70195362622127011,-1.8712181160609871,0,0,81|247|258|497|710|736|875
395,0.13824143205868192,1.8623175613948801,1,,9|34|169|666|809|813
396,0.76013308537585378,0.60265244630649895,0,0,41|238|365
397,0.22921137411506842,-0.18249984265026167,0,0,3|122|125|493|807|895
398,0.53006470560146668,0.57554650999989476,0,1,22|56|74|415|557|748|846|962
399,-0.70467326286988241,-1.4098194289478103,0,1,100|161|342|812
400,-0.17961141383145854,1.1825307417526572,0,0,45|316|317|592
401,0.19677609665695725,-0.32398477549643018,0,1,7|46|320
402,0.8205284754174188,-0.20406951504843471,0,0,6|56|110|473|734|873
403,-0.39374117222457211,-0.49165561496548443,0,0,10|238|304|438|688|896
404,0.52116725573211264,-0.58065140274558469,0,0,19|173|292|458
405,-0.26583879191537901,0.6946706116284086,0,0,18|138|314|838|852
406,-0.11754216732813036,0.25590685010422287,0,0,75|265|332|564|701
407,0.82951904202407301,0.65174814140303994,0,0,6|7|164|521|811
408,-1.9930603710541559,-0.0087946894855714525,0,0,26|169|204|569
409,-1.296472328074761,0.51319981107718105,0,1,17|78|204|454
410,-1.4821853974428207,-0.41884874392503835,0,0,5|8|41|448|474|613|806
411,-2.3336161198483047,2.2297318414095484,0,1,3|42|148|785|980
412,-0.67826444015517673,-1.5679304164304986,0,1,94|152|243|491|723|964
413,0.74943389972774044,1.2609373235629844,0,1,1|51|132|908
414,-0.28488406638257474,1.3679074507209708,0,1,4|29|213
415,0.19779008194185213,-0.85215880596559379,1,,25|303|398|630
416,1.0892174967107926,2.2292736105559734,1,,64|92|219|920
417,1.3276861322676916,0.99549028294531816,0,1,50|95|286
418,-0.069137934726139549,0.97113900682291154,0,1,6|20|122|500|657|814
419,1.3535858895693973,0.028022187025876687,0,1,7|252|349|620|624
420,0.092126658434109207,-0.21722615821867644,0,1,27|62|345
421,-0.8373982238274621,-0.20940882703960811,0,1,95|103|331|499|850
422,-0.59440035219873522,0.3905305963195172,0,0,3|81|322|465|569|650|668|672
423,-1.4805365125650163,1.4011862750338961,0,0,30|50|56|870
424,-0.88813385373365239,0.1813142178614196,0,1,3|6|252|513|539|612|855
425,-0.35801668807442916,-0.91144362313729033,0,0,12|64|155|430
426,0.80358501937860161,0.82442706238497976,1,,3|7|183
427,1.7207698311659838,0.92115074639479222,1,,181|254|255|851
428,-1.38218151537704,0.65465952844778608,0,0,56|113|256
429,0.39282746825991893,0.74549890652498263,0,0,76|162|324|752|760
430,-1.0405439391575344,-0.27092813015780809,0,0,4|58|425
431,0.47469708846320197,-0.92898916713057955,0,1,7|138|226|555|681
432,-0.1310866506877266,-0.86819343064077981,0,1,3|18|319
433,-1.8309058258475304,-1.635463248457858,0,1,82|95|281|586|690
434,0.92829699156848433,0.23694861154594976,1,,6|33|210
435,-0.60500071280873102,-0.083448783226593617,0,0,21|33|58|732|808
436,-0.5339002383735546,-0.43998770452970876,0,1,9|95|369|559|677
437,-1.0697524112896899,-2.9556188243450698,0,0,5|13|312|784
438,-0.65428327668755548,-1.2473174696941689,0,0,80|371|403|753|755
439,0.42789044069491722,1.1208406514031668,1,,47|70|91|448
440,-0.18924434093640552,-0.66462600006313099,0,0,50|281|324|632|897
441,0.32866200228248105,0.36059167765684141,0,1,7|193|255|499|559|700|706|754|825
442,0.36192185392884368,-1.3906854299752562,0,1,5|305|306
443,1.3206616555281669,1.4387054823592311,0,1,69|70|250|550|738|842
444,-0.3427861508643793,-0.1440276600546764,0,1,69|253|374|586|843|902
445,-1.4768578168457318,0.29004039648353519,1,,7|247|274
446,1.067222416571983,2.3257797918816849,0,1,6|7|132|648|800|933
447,-0.33148817209725467,1.5164401005894037,0,1,65|147|255|573
448,1.1145924445773769,-0.30656562128705778,1,,193|410|439|988
449,0.38337711318247042,-0.59322018487035921,1,,17|37|230|477
450,-0.13113753020334493,-0.3255450115195318,0,0,88|123|206|593|701|784|841|863|987
451,0.34877589404629511,0.50989824847653564,0,1,12|49|71|505|681
452,1.9510125601262995,-0.10522413425087113,0,0,5|7|10|465
453,2.0769805290537531,-0.39524414500347166,1,,54|103|152|821|913|950
454,0.069381135132778701,1.4671812507090423,0,1,4|101|409|515|611
455,0.1601905933170753,-0.11420989177783689,0,0,1|91|371|983
456,1.0762401574663856,2.2995890930373193,1,,3|4|20|670|938
457,-0.84566103276734716,0.090742563752173017,1,,0|92|247|781|920
458,0.33307037261825512,1.7853183942247275,1,,61|160|404
459,-0.025862847953856401,0.35731942271062678,0,1,13|121|164
460,0.3139082114575536,0.96296057324944784,0,0,6|38|89|601|612|708|718
461,-0.83336880594940577,-0.72461105151772442,1,,6|56|80
462,-1.589567493308969,-0.85375922258741177,1,,136|156|188
463,-2.0729834359912918,0.45970595501498751,0,0,26|71|255|499|657|744|938|976
464,-1.1173841129896078,0.98855324246531517,0,0,12|311|346|618|990
465,-0.45867528493933302,0.040256502000462865,0,1,32|422|452|520|696|777
466,-0.29319158664876183,-1.2863933350836971,0,1,208|315|358
467,1.9372311624295169,-1.3602583662893271,0,0,5|44|306|558|598
468,1.1059933699072981,-1.4271364021862412,0,1,60|129|329
469,-0.96209111634162725,-1.767622112939381,0,0,76|305|337
470,0.34770845245095694,0.10948535944708751,1,,0|8|222|600
471,-0.40707823635032508,1.1250439217080253,0,1,11|20|47|484|704
472,-0.28436383804009513,-0.013415786924808768,0,0,76|81|190
473,0.18532564941538202,-2.2604147573378524,0,0,47|58|402|540
474,0.61917111697539329,-0.19076046033454871,0,1,113|224|410|753
475,-0.33925848388401536,-0.16279899663260711,0,0,117|312|323|615|813|886
476,1.0638515327343585,2.0959987502254394,0,0,70|219|296
477,-1.141938226142404,-1.4571379129195563,0,0,42|255|449|880
478,0.0063390623622684421,-0.39067760259919571,0,0,106|149|296
479,2.5976737265958323,1.7058526805445642,1,,76|85|158|594
480,0.22307974262527511,0.44997834134654807,0,0,31|107|312
481,1.4332145066061728,0.56331307351642468,1,,67|77|286
482,0.091520178173208178,0.11458443702387822,1,,0|77|220|503|599|676|703|710|928
483,0.58077709532979671,0.32994353865726456,1,,45|85|258|940
484,-0.056783194392691534,0.77760953027853597,0,1,48|326|471|652|766|823
485,-0.17040758116420443,-0.80948631889276634,0,0,3|8|66
486,-0.77948239672541964,0.87805857890819983,0,0,30|68|297|595|803|960|970
487,0.43030135895755323,-1.3730030168855392,0,0,43|91|382
488,-0.85153718918576793,0.32836797283153812,0,0,54|81|238|634|991
489,0.66558523631342914,0.17874096328632716,1,,6|7|113
490,1.08528700444591,-0.61629308819210793,0,0,85|92|291|577|647
491,0.36653140723722993,-0.022685275325646737,0,0,6|27|412
492,-0.28624873355569186,-0.62254015266555307,0,0,4|56|73
493,0.45396557930869608,-1.0717013268617444,0,0,12|230|397|667|848|926
494,-0.30867305554641261,-0.35361474161364437,0,0,12|108|273
495,0.93554712546514929,-1.1039886353716615,0,0,8|28|76|511|727
496,-1.8314060842151236,0.32279746409324811,0,0,76|253|382|724|859
497,-0.33560736811864622,-1.1500854941523635,0,1,14|34|394|773
498,-1.9908119951239978,0.71197702299105137,0,0,255|295|385
499,-1.495060830227205,-1.1814790679288201,0,0,421|441|463|550
500,1.3638622298139094,-0.56629491558100631,0,0,20|314|418
501,0.89518498197168594,-0.62460340821517901,1,,10|70|185
502,-0.71948023328479038,1.3251467288748389,0,0,16|22|189|771
503,-1.502503456040897,0.33028994561659186,0,0,213|234|482
504,-2.9645288378416512,-0.21173380254439425,0,0,5|126|242|683|697|852
505,-0.54349550793263457,0.49871944106972332,0,1,100|389|451|788
506,2.4204150122474024,-2.1071923473296881,0,0,50|99|276|728
507,0.43488427146364739,-0.043133589640907445,0,0,23|58|65
508,-0.5595722860494895,1.9975141778047627,1,,84|149|259|754
509,0.46508020950030626,0.13234650640267256,0,0,235|289|312|533|912|914
510,-1.5609583529944429,0.067913169169335499,0,1,7|215|255|712
511,-0.29732336269763543,0.54812837964219607,0,0,4|50|495
512,0.099477473015738491,0.89560524331434554,0,0,8|38|60|528|777|948
513,-0.086100651821048507,-1.9974666928898597,0,0,7|43|424
514,0.79080612169008058,-1.6823264817910268,0,0,26|36|58
515,0.34464522623605237,0.21029129108614655,0,0,87|188|454|878|991
516,0.66832601810799697,-0.7148765618975097,0,0,12|95|334|620|721|906
517,-0.68837228223075941,1.3120252622199142,0,0,134|285|304|916|967
518,0.89781540841054808,-0.31517438988522389,0,0,80|122|352
519,1.6289369476239914,-1.9345307357131178,0,1,78|198|238|683
520,-0.97014951965141261,-1.268013916843997,0,1,158|315|465|885|966
521,-0.88769565571455977,-2.7496760196305754,0,1,162|362|407|553|557|936|993|997
522,1.3357843363202329,-0.23412553728291255,0,0,3|61|213|925
523,-0.19134398669506028,-0.18838412726438336,0,1,152|153|272|636
524,1.403821392066557,-0.42446270978189776,1,,5|6|142|526
525,-0.44253571189218388,1.0788790390297387,0,0,96|139|208|710
526,1.4550455762707113,1.1985198365166936,0,1,15|200|524|845
527,0.13148581680545218,-0.17038842335611121,0,0,5|84|226
528,0.2582288233226952,-2.134693667476856,0,0,296|342|512
529,1.5647180216699044,0.61728158049225845,0,1,5|122|262|682
530,-0.36177047744417123,0.55536022850857547,0,0,45|94|366|555|623|696
531,-0.94112209592495832,0.30939157015694502,0,1,47|121|344|584
532,-0.44856420802835434,0.98147974930811577,1,,19|34|244|549|659
533,0.45233395064313869,-1.16482809646104,0,1,31|300|509
534,-1.5657590721805144,2.0087553861851388,1,,4|15|316|546|714|998
535,0.6374709026511215,-0.95942775314186801,0,0,41|88|216
536,-0.53877131761774322,0.74922292720085459,1,,1|247|382
537,1.1478126607335635,-1.6873476944133516,0,0,27|200|281
538,-2.3942603049004716,-0.93026468727005085,0,0,5|81|279
539,-0.7865657751041687,1.5163686467253361,0,0,97|224|424|674|764|785|847|881
540,-1.686468151234102,-0.26089982300084991,0,1,4|136|473|777
541,-0.82622946636395256,0.83992260513279793,0,0,26|34|51|585|811
542,0.24766590110894313,0.2369553887192461,0,0,4|10|314
543,-0.1792266254497549,-0.10495815600017268,0,0,56|191|360|571|870
544,-0.25337756894801494,1.3638503249326897,0,1,8|78|214|662|923|961|988
545,-0.15918487138006079,-0.23665882465190033,0,0,12|79|234
546,0.20338824061994343,-1.7807381075634705,1,,33|117|534|563|691|730|797|979
547,-1.0085360419431078,-0.80324009195170509,0,1,26|58|80
548,0.70684964089905078,0.55119172870169419,0,0,4|81|117
549,0.66266597038548392,0.39550910636250813,0,1,241|242|532|630|771
550,0.385037937656101,-1.5670582502354382,1,,103|443|499
551,0.55653344275126315,-0.72434251940820105,0,1,26|69|102
552,0.29641800080865949,-0.58172134920224661,0,0,20|137|177
553,2.0350733027310675,-0.36546959411422503,1,,4|6|521|770
554,-0.087094171052509897,-1.3759135886015514,1,,30|206|362
555,-0.30708321833457675,-0.62837110811947861,0,0,123|431|530|572
556,-0.75352758035737788,-0.72861048525952743,0,0,253|319|352|576|840|850
557,-1.0322626705778368,0.77153325976191933,0,0,387|398|521|706
558,-1.2444717876010754,0.80912131099024376,0,1,132|206|467|823
559,-0.88879731323091848,-0.14581045808881599,0,1,324|436|441
560,-0.070680381652071314,-0.39203979587073151,0,0,138|218|223|629|640|762
561,0.33429512849771448,0.1399243120391134,0,0,16|49|53
562,0.051142058552161786,-0.81657510745557493,0,0,33|237|304
563,-0.76553527742971295,-1.1468320821674409,0,1,190|209|546|731
564,0.90018456401996327,-0.94022120892571692,0,0,39|80|406|953
565,0.73941267230094754,-0.63481316397145671,1,,53|214|230
566,-0.15964830742201699,-1.1634737997922711,0,0,28|46|311|797
567,-0.65291614466471204,0.16205955906287475,0,0,41|198|254|899
568,0.54842792082979952,0.72971567378370839,1,,12|64|250|599
569,0.18797358748610446,-1.5870983007982418,0,0,240|408|422
570,-1.4481272594150476,0.025128711216033349,0,0,95|100|318|615|855
571,-0.067980255984404894,-0.21993579526633558,0,0,23|71|543|746|789|910
572,0.26203581207438104,0.34150868553680291,1,,1|296|555
573,-0.89969478648775381,-0.012938768103588062,0,0,22|131|447|759|828
574,0.189843392837443,-1.4535992799316308,1,,31|64|327|577|796
575,-1.4548224852577891,-1.2623892988571654,0,0,6|10|105|647
576,1.3361861000121709,0.029423575584972723,1,,73|310|556|877
577,1.2479499850594318,1.0287809197455093,0,1,78|490|574
578,-0.25251733430296475,-2.2141873710430029,1,,60|69|126
579,0.36345433783907316,0.34572657980157995,0,0,29|97|120
580,-2.4099219657998749,1.1896220052876432,0,0,297|301|302
581,-1.1563476602653329,-0.15302587620621311,0,0,349|359|360
582,-0.29377892015212981,0.55020249602644078,0,1,7|150|257|698
583,-1.0721330214268592,-0.70306908089780218,0,0,7|43|48
584,0.7143964826306588,-0.11936619927687682,0,1,233|358|531|702
585,1.997296530747994,-1.6209135183081516,0,0,38|42|541
586,-1.176614719429302,-2.3443433084188738,0,1,7|433|444|840
587,-0.83746340408519271,0.9427658012252752,1,,47|67|81
588,0.23544836830993032,-0.98499492772444186,0,0,208|266|383
589,1.6111161484996208,-0.45552784500343052,0,0,26|34|196
590,-1.2223743125399031,-1.3864422532701932,0,0,12|29|358|699|956
591,0.24903612230694197,-1.4099697030838758,0,1,58|105|230
592,1.8212988508131087,-0.17383770009461635,0,0,3|99|400|992
593,-1.6517591481792673,-0.72957719413564648,0,0,214|241|450|735
594,-1.281069206845832,0.37797099799469847,0,0,270|371|479
595,-0.42360660646083825,0.45253841897959191,0,0,18|204|486
596,-0.52058841285541102,0.32084964632460716,0,0,60|128|384|705
597,0.8126012877536446,0.23860079092844369,0,1,161|191|306
598,0.24165971982083806,1.5777682049318862,1,,19|54|467|631
599,-1.7749620596421283,-1.067593769044886,0,0,6|482|568|633|695|986
600,0.51541040290081086,-0.054934866202917751,1,,23|208|470
601,-0.57753888735565051,1.1326898205195888,0,0,66|69|460
602,1.2744472169412391,1.2645398093380364,1,,96|112|136
603,-0.62758753643691967,-1.4217636493445729,0,0,7|213|250
604,-0.6366152831022357,-0.31235544165586993,1,,14|16|195
605,0.54113161080453143,1.3581210958672605,1,,120|200|334
606,0.76292648233693661,0.5080791051990653,0,1,96|108|157|641|728|814
607,0.44809936393620359,0.19526303147977275,1,,29|55|204
608,-1.6855973173848082,-0.21768469343465674,0,0,4|51|349
609,0.53803443992825106,-0.38380092570774543,0,1,5|95|131
610,-1.034308051674399,0.28821906309032419,1,,58|108|208|721
611,0.2352761115882635,-0.25237412498448336,0,0,28|232|454|702
612,-1.4237344353990602,-0.042578621044444181,0,0,200|424|460|845|858|891
613,0.44632214754306365,0.078598706115037373,0,0,22|156|410
614,-0.80659890430737258,-0.67807152849349916,0,0,7|37|113
615,-1.2826346502605217,0.53212937388143833,0,0,262|475|570
616,0.7138201364823995,2.9142446484154196,0,0,16|123|324|757
617,0.24164452167675129,-1.7769866393260751,0,1,32|76|301|775
618,-0.61397680139289712,0.32401252418997989,0,0,113|251|464
619,1.4511788490210642,-0.76019008861890558,0,0,0|77|108
620,-0.44065242156974244,0.57740257751924995,0,0,197|419|516|664
621,0.032107673970934662,0.046557473327860921,1,,26|81|132
622,0.26891344767860093,0.76185477404246349,0,0,102|162|367
623,-0.61966593412861359,1.1755065765087795,0,0,34|279|530
624,0.47113629339992935,0.19242111776818133,0,1,131|157|419|640
625,-0.53345234716472445,1.1320522884141782,0,0,4|106|208|948|973
626,-0.41163832221620922,-2.3442978937886774,0,0,22|46|303|782|868
627,1.3626426398033411,1.5904522979160232,0,0,4|7|296|688
628,-1.0405860525124331,0.3750621518923401,0,0,122|263|281
629,-2.4127803309294902,1.0778433557451819,0,0,113|288|560|837|962
630,1.6109369950118944,-1.2198757448415216,0,1,38|415|549|802
631,2.549327952607003,-0.83076988160533571,0,1,13|173|598|886
632,-0.40526926544933184,0.14593829414477413,0,0,38|59|440
633,-1.9368380406201853,-0.017037889337463016,0,0,151|381|599
634,-0.31048397619594376,0.28306858800998957,0,1,49|302|488
635,-0.28622294984066921,1.0845151609299661,1,,8|115|233
636,-0.18992384102225704,-1.7652203153028492,0,0,10|197|523
637,-1.1133880419218483,0.97381907171730908,0,0,3|45|309
638,0.57956114247647739,0.0082819099579270177,0,1,81|103|255
639,0.52450737528608615,-0.20378186112454774,0,0,65|301|318|756|925
640,-1.4944056198193065,-1.4711152343848903,0,0,154|560|624
641,0.69919673169488783,0.50304866837686502,0,0,241|310|606
642,2.052684981945891,-2.4141078510310372,0,1,4|91|103
643,0.17196033243705985,0.64839401123871265,0,0,6|273|345
644,-0.33732516206850605,-1.4921058354729919,0,0,4|163|266|657
645,-0.14200321440752131,0.053457912617474034,1,,43|58|258|767|856
646,0.61525676696856124,-0.11916883732792043,0,1,16|220|255|798
647,-1.7306716055072182,1.1695381472938837,1,,70|490|575|821|875
648,0.16439070297730224,-0.17865516901389017,1,,56|231|446
649,-0.3904639494628101,-0.69413856114566563,1,,3|96|102|782|907
650,1.8478250129560454,-0.506602695971203,0,0,113|198|422|790
651,-0.17417273380495787,1.2728827687546636,1,,95|106|325
652,1.6678876111195198,0.53629696918089365,0,0,97|162|484|967
653,-1.1037406977820072,-0.3856299815231613,0,0,56|74|157|673
654,0.58725916680279222,-0.23644641996451343,1,,6|9|132|824|843
655,0.31940026379122882,-1.567177090585447,0,1,12|15|177|854
656,-0.86904724786478238,0.388474200851541,0,0,9|131|377|730|922
657,0.17739611463694044,-1.7598157076954657,0,0,418|463|644|919
658,1.2125188368316004,0.75179646583545612,1,,66|78|291|792
659,-0.3237917042866007,0.12862159249126584,0,0,45|199|532
660,-1.6919626491697632,2.3869517995739225,0,0,5|35|208
661,-0.017562826477445909,-1.1001355537243058,1,,70|165|289
662,-0.90242309479251259,-0.10266209104063294,0,0,64|113|544|950
663,-0.34234093866388238,1.7982877009230627,0,0,45|78|327
664,-0.081587769685120978,1.1913896402914144,0,1,5|12|620
665,-1.7056522160155172,-0.69621205157989974,1,,3|6|368
666,-1.615658339320678,0.22396742837344774,0,0,13|354|395
667,0.48206683552552526,0.0019993564150872331,0,1,29|201|493
668,-0.52271869616968036,0.28195586739415718,0,1,0|88|422
669,-2.5647443418205671,-0.69868043598482976,0,0,68|243|392|941
670,0.78484403660813506,-0.089320402700734519,0,1,130|206|456|807
671,0.27236975527423984,-1.5980523752767137,0,0,54|164|199|787
672,-0.71387482403648395,0.13512345186808206,1,,6|41|422|677|939|990
673,-1.3168302110582415,0.45002067342183205,0,1,56|238|653|719
674,0.83580789631433716,-0.22741941264388399,0,0,230|349|539
675,0.34935062256042959,-1.6150508905847878,0,0,16|229|269
676,2.3826022826840734,0.98853186285146244,1,,32|323|482
677,0.42018859872493736,0.36452503799280228,0,0,12|436|672|727
678,0.38770314126201483,-0.72601509770097683,0,0,43|105|257|767
679,-0.16692793010856513,-0.28060044683806395,0,0,8|34|246|903
680,0.81677586720079098,-1.5006694027818388,0,1,0|9|167
681,0.6250852012481537,-1.0254101277779044,0,1,213|431|451|928
682,1.251725008565195,-0.53781134635713945,0,0,73|316|529|747
683,-0.52132291863728475,1.2284208122801512,0,1,229|504|519|762
684,-0.43540747294396231,-0.63950339088747565,1,,0|5|243|937|975
685,-0.47910317091198013,0.64021365932875873,0,1,33|206|375|780
686,0.79080172117898917,-0.53831620286157977,0,1,28|45|377|984
687,1.4983744402967321,0.24794756085187486,0,0,0|81|251
688,-0.45884049314930064,-0.14139550214380217,0,0,10|403|627|955
689,-0.42477372779309125,0.87305660009274344,0,1,62|115|229|735
690,0.31407722386979919,-0.53481133821855786,0,1,10|183|433|895
691,-0.24576150001290142,-1.5725282500024409,0,0,102|348|546
692,0.95205365313988999,-1.3819490313636327,0,0,52|263|393
693,-2.2517772906190467,-0.53187749394275741,0,0,4|12|85
694,-0.82670504691689461,-1.2490599706780527,0,0,56|172|389
695,-0.78241633396144583,0.41021201567955129,0,0,7|241|599|786
696,-2.3203560123861449,-0.46576816485807782,0,0,32|465|530
697,-0.96363844436880408,2.3746065500264315,0,1,167|316|504|725
698,-0.91515611584592615,-1.737714595137132,0,0,115|314|582|786
699,-0.20110465451883033,0.20363317870980122,0,0,110|175|590|866
700,1.1129658916602636,-1.127953023505669,0,0,12|19|441
701,-0.24506065119070236,-0.49340134038267858,0,0,10|406|450
702,-1.0308137202711538,0.14141947334054417,0,1,103|584|611
703,-0.056954541213528984,-2.3253713748742868,0,0,131|230|482|707|867
704,1.0491736214413494,0.23682611678802748,0,0,22|60|471
705,-0.97595881611490487,1.9029074622741677,0,0,3|377|596|762
706,-0.91057488392144859,-0.45343829836859284,0,0,101|441|557|783|841
707,0.55854895927422343,0.2598078568055095,1,,23|45|703
708,-0.22153611573080054,1.0249216931253993,0,0,50|197|460
709,0.64748469070947434,-0.16395350002699655,1,,42|77|94|716
710,-0.013646791795296761,-0.58096018853148323,0,0,394|482|525
711,0.70166364808956705,-2.2757364037217522,1,,12|76|199
712,-1.0350781140406409,0.64099071939497332,0,0,131|235|510
713,-0.01208465078826744,-0.11316840972889723,0,1,107|190|242
714,-0.21069001436315682,-1.0126838513881617,0,0,3|383|534|899
715,-1.2158909241041307,0.12659671027769356,0,1,5|157|343
716,-1.5634779478686884,-0.58368035680618136,1,,5|94|709
717,0.6857490352746618,-0.52842613111552561,0,0,47|163|199
718,-0.35095238221797809,0.60629115610870821,0,0,117|295|460|792|833|958
719,-1.0222802816473295,-1.3383824113238445,0,0,164|392|673
720,-0.096178936923332251,1.0473152860737585,1,,18|25|71|730
721,1.1280188573493026,-1.3976861631184037,0,0,238|516|610|959
722,-2.2807378453719229,-0.66270140835526381,0,0,47|122|255
723,-1.4966386899033264,1.9229461940665773,1,,91|342|412
724,-0.92288644189526758,1.1273547616424222,1,,12|240|496
725,1.4611788667203289,0.097603992495440189,0,0,156|168|697|954
726,0.28258698291929651,-0.94053021550121652,0,1,12|192|228|911
727,0.76731724046122685,-0.52927230669989322,1,,38|495|677
728,-1.1401609191262305,0.073275314585696402,0,0,105|506|606
729,-1.1195358752705262,0.037523232339598422,0,0,92|120|155|786|952
730,0.44781371672271042,-0.090870929625962854,0,1,546|656|720|802
731,0.058274330935446553,-0.030832514084184331,0,1,103|304|563|926
732,0.54873881886412657,-0.21437510970511409,0,0,1|11|435
733,-0.18767099092845213,-1.4419787356400129,0,0,65|94|301|827
734,0.27814372645462698,-0.51651074216083281,0,1,6|150|402
735,0.15811908490510918,0.91462405398684654,0,0,61|593|689|768|862
736,0.77776738908492538,-1.3683342975511175,0,0,78|172|394|856|881
737,0.80700828194447061,-0.18955551153927852,0,0,20|211|227
738,-1.6198719943917699,-0.81975392877084396,0,0,160|310|443
739,-2.2472685553408556,0.11135042939811132,0,0,117|199|390|894
740,1.0017453976515072,-0.38863318106681816,0,0,110|186|245
741,1.1877250932619365,1.4773936649746691,0,0,92|173|377|874
742,-1.0206230195133374,0.50658315419025379,0,0,103|130|229
743,-1.8598354065456286,-1.3118031657772113,1,,9|213|236
744,0.099034821007200916,0.67122801161369861,0,1,13|41|463|810|833
745,0.93083822635052937,-0.77465185626206301,1,,5|25|113
746,1.7975945224343146,-0.57699637137753357,0,0,7|290|571
747,0.516297572101451,0.31381902010712182,0,0,22|303|682
748,-0.37171669658569495,-0.49174741973013475,1,,64|95|398|803
749,-0.89313062158486267,0.8928558163229553,1,,17|84|102
750,0.011451291670654416,-0.77451006151339541,0,0,95|213|218|861
751,-0.29926470388525639,-0.61894655259136322,0,0,5|281|309
752,-1.0150679057288161,-0.65637089354810885,0,1,5|120|429|856
753,2.0487556508632867,-0.56563874835503891,0,1,58|438|474|775
754,1.785168402072131,1.0991915555478129,1,,181|441|508|937
755,1.1360486835554284,0.62879629361030309,1,,147|258|438
756,-0.92085039780912759,1.7099439540120711,0,0,8|91|639|924
757,0.85501932429727878,2.2676442038992546,0,0,4|7|616|967
758,0.63962640949790184,-1.0307170319323398,0,0,4|16|100
759,0.44254562420405297,0.070419127327288888,0,1,5|341|573
760,1.2496652670437771,-1.1762003166434329,0,0,56|88|429
761,0.63537114286127738,-0.77760592774826709,0,0,12|220|229|902
762,0.74001423630433549,-0.63008251025566941,0,0,560|683|705
763,0.63690628337221011,-1.0571548741382744,0,1,34|73|252|911
764,0.34079140800210589,-1.0518872728984137,0,1,4|125|539|778|805|918
765,-1.7836111297141835,-0.14428437852025486,0,0,4|296|331|869
766,0.083621077410557229,-1.216718418386407,1,,4|21|484
767,-0.5561919588491252,0.8421269591376328,0,0,34|645|678
768,-1.2798409576400205,-0.9177535374175142,0,0,4|8|735|800
769,1.6818166193008239,2.8095689700963922,0,1,149|185|230
770,1.7289953408857035,-0.45138445096439517,0,1,22|56|553|910
771,1.359220600295612,0.072017641917052219,0,0,64|502|549|787
772,0.25521341685587462,-1.2953411844660352,0,0,56|72|268|868|981
773,1.3506251209526567,1.7060917581276394,0,1,4|122|497
774,0.012053180601825543,1.1195006808029162,1,,71|102|366
775,0.20279727689777938,0.29691587073611253,0,1,384|617|753|971
776,-1.0934713704619829,-1.3468025487795656,0,0,45|80|178|973|981
777,0.39699130449884001,0.21066687772462028,0,0,465|512|540
778,0.060385928424417097,-1.121431046017255,1,,189|199|764
779,-1.3026521168344645,1.4623552634733608,1,,26|274|314
780,-0.051197111816596905,0.8091947318531727,0,0,57|64|685|936
781,-0.079729563856808475,0.095439038487736119,0,0,4|120|457
782,1.7975611666446401,-2.4363756632473224,0,0,235|626|649
783,0.89421332851340951,-0.98341597865903063,1,,30|193|706
784,0.011445439091466015,0.6877611315998724,0,1,224|437|450|794|862
785,0.24878730980108299,1.2128836917231558,0,1,156|411|539|810
786,0.044212378104198057,1.1091698114921316,0,0,695|698|729|826
787,-0.20291398479554773,-1.5920130022414554,0,0,243|671|771
788,-1.0824271973882869,0.30155230681290407,0,0,25|95|505
789,-0.15105187760692926,1.0155152164829295,0,0,1|152|571|896
790,-0.74609825665251339,-1.6583355655822452,0,0,6|56|650
791,-1.2503155389231464,-0.0079045153732363472,0,1,49|313|365
792,0.51122181454753468,0.27384239830845625,0,1,235|658|718|872
793,0.39126465993323495,-0.30076458484673491,0,1,204|213|333|933
794,-1.7867075113680779,-1.8521618554012016,0,0,3|81|784
795,-0.12268463749512722,-0.32569811007372867,0,0,6|28|200
796,0.99570138589992352,-0.32730543025502401,0,1,138|209|574
797,1.0592237388963208,-0.14807240454775419,0,1,6|546|566
798,1.0258368428852387,-0.56347142542506956,0,1,8|10|646
799,0.038913206901459801,-0.44301215324146731,0,1,76|117|191
800,-0.84504532796915111,-0.0397062823469779,0,0,9|446|768
801,-1.0836988273580606,0.44245460496971112,0,1,7|71|134
802,0.34460490475035749,-0.3044267628566672,0,0,39|630|730|993
803,0.379280034365163,-0.40964892836800187,0,0,222|486|748
804,1.2873311116050654,0.092354038254458079,0,1,5|265|363
805,1.0999796503420836,-1.9209159258951816,0,0,339|383|764
806,-0.13222865653117211,0.47703512722645808,0,0,78|296|410
807,-1.2442058788608694,-0.00056309712295880821,0,0,117|397|670
808,-0.31910659701089783,0.039693526597561826,0,0,66|85|435
809,0.21723119481052466,0.96073430759446399,0,1,4|222|395
810,-0.20208324538940409,-1.9528155300482481,1,,6|744|785|901
811,-0.57789410807765584,-1.9738338698589637,0,0,113|407|541
812,0.2528848149698989,0.27380384532351953,0,0,25|202|399
813,-0.50395774141061045,-0.0071168551285157727,0,0,110|395|475|890|965
814,-0.62806608372537398,0.17017694319193222,0,0,217|418|606
815,0.31145283430343956,-0.46212707517244556,0,0,27|278|310
816,-0.4019925801292048,0.66435367423993119,0,0,22|307|373
817,0.24410438897835213,0.93263884299111999,0,1,5|40|363
818,0.2732040228521227,0.48398229395152703,0,0,5|152|329
819,-1.1394290010915746,-0.26082845840458313,0,1,105|203|320
820,-0.48124112386541218,-2.1076893876144029,0,0,74|139|198
821,1.4377769399164624,0.76923620803712811,0,1,116|453|647
822,-1.1620795127342871,1.2217286662175928,0,0,0|181|190
823,-2.116654448970531,0.64455841198398001,1,,218|484|558
824,-1.8618451532425115,-0.87964242736750653,0,0,34|107|654
825,0.029109946576669203,0.67379439366775784,0,0,83|392|441|831
826,0.030917278032698909,0.86052970796144546,0,0,8|97|786
827,-0.11761085542512094,1.5588162477990857,0,0,28|53|733
828,1.2141898289285016,-0.87610992422795764,0,0,52|56|573|917
829,-2.6728344331029379,-0.22645458454413847,0,1,30|234|246
830,0.39593387443082362,0.74727205114345518,0,0,0|15|74
831,1.5614382018035733,0.057410071438157788,0,1,5|199|825
832,-1.127780764891714,-1.1173276020512748,0,1,6|149|391
833,-0.37980651178989511,0.414616285026703,0,0,279|718|744
834,-0.75289191722862092,0.57866163381516666,0,1,12|102|108
835,-0.89434604607752877,0.087962896331001988,0,0,12|91|375
836,-0.32626200502303998,0.21958492717994416,0,0,101|156|224
837,1.4274852836845047,-0.25870590168573016,0,1,115|252|629
838,1.8373866754875203,1.4782789357160593,0,0,16|71|405
839,-0.33593922504014773,-0.90069218371267656,0,1,189|242|266
840,1.9050602140644701,-0.58732076276377887,0,0,115|556|586
841,0.035576476984624864,0.010985513527525621,0,1,20|450|706
842,1.753691026701081,0.87895402770089259,1,,1|98|443|888
843,-0.093298649653491772,-1.4973731700945367,0,1,194|444|654
844,0.1310578260461443,-1.3102967497654392,0,0,4|99|341|950
845,0.36547447264283456,-2.0377285077347178,0,0,324|526|612
846,3.1788536793675353,0.032695225253270788,1,,152|367|398|949
847,0.85128557484478906,-1.1183058172065439,0,0,10|18|539|994
848,-0.70726452995146361,-0.38455011001791672,0,0,217|325|493
849,0.96899787027585793,0.66137818989170805,1,,21|87|255
850,-0.36183253708434149,-0.64154272078284658,0,0,56|421|556
851,-0.48975018290120914,0.23128202274336457,1,,9|115|427
852,0.90860135989211122,-0.29933790775172203,0,0,98|405|504
853,0.031085587771152785,0.67211431509643682,0,0,10|95|304
854,0.27857591451180608,0.47512806734800878,0,0,9|131|655
855,0.013985221865292462,-0.69193369617460998,0,0,0|424|570
856,0.33658312660543471,-0.16865175340045263,1,,645|736|752
857,0.42496589743614921,1.0437433977204944,0,1,22|170|340|902
858,-1.9369669327054153,0.39337687025409701,1,,71|114|612
859,0.66657266860953357,-1.3969620577511315,0,0,109|240|496
860,-0.98201941983030061,0.65561806117138266,0,0,14|43|122
861,-1.4422991355594112,-1.0846106224362382,1,,1|4|750
862,-0.058411243858682439,1.412513069961006,0,1,207|735|784
863,0.083981003314454267,1.0240988398410249,1,,190|227|450
864,-0.69350616457228076,0.2898854759184008,0,1,108|113|161
865,0.83103185766797438,0.1572328434361934,0,0,18|117|206
866,-1.3421751663709069,-0.20903225602742001,0,0,28|78|699
867,-0.40694374877255896,0.67852395140002808,0,1,153|162|703
868,-0.58487413493300067,-0.37077816946206166,0,0,318|626|772|989
869,-0.046587270339339369,0.23556987063989387,0,0,49|81|765
870,0.27886428464723878,0.87193436651945111,0,0,32|423|543
871,-1.0078929496235447,-0.56180654352558967,0,0,0|7|300
872,0.72428267745622821,-0.61619273999069457,1,,64|102|792
873,0.063002368334699729,-1.194365480724459,0,0,11|359|402|949
874,-1.8919462533119105,-1.0644727461261723,0,0,12|76|741
875,-1.958591440397031,-1.8283953114415024,1,,12|394|647
876,-0.012319292929311235,0.72982878901552961,0,1,49|187|248
877,-0.22096731778635409,1.8089145420827708,0,0,36|139|576
878,-0.1034201135746335,1.4253289434703056,0,1,80|262|515
879,-0.02798245653021798,-1.6260844886265164,0,0,112|184|390
880,0.22555983951018072,0.72485467155619998,0,0,164|246|477
881,0.94764960984829971,1.4221063499235564,0,0,168|539|736
882,-1.1111049009175582,-0.45680998073866402,0,0,7|176|272
883,-1.1719715929007948,0.10144743065004946,0,0,3|5|8|970
884,-1.0933238578873825,-2.0078930508046704,0,0,7|155|257
885,0.2889166671687069,0.26673616797664151,0,0,316|340|520|913
886,1.2449473786464456,-1.0635597294347174,0,0,214|475|631
887,-0.43133943823951049,0.19963501791151453,0,0,50|106|197
888,-2.5016998441596545,-1.5612029221888803,0,0,6|46|842|926
889,-1.7039928626103755,0.54285822447759591,0,0,6|22|331
890,-0.8330367227960116,1.0245126754266898,0,0,94|140|813
891,-0.55772888749521476,-0.78317986171516762,0,0,48|105|612
892,-0.40838862725472641,-1.1369225814104345,0,0,21|29|324
893,0.038581122980917065,-2.1560230425499811,0,0,112|137|322
894,-0.31174633082244713,-0.26641353407517704,0,0,8|299|739
895,1.0493396105434072,-0.58159393428160511,1,,179|397|690|965
896,-0.67601730568136875,-1.5510194123480547,0,0,322|403|789|937
897,-0.86231795947554302,0.45301875631217164,0,0,49|203|440
898,0.47887553852046161,-0.44997038186464916,0,0,25|117|198
899,-1.5356420699261193,-1.0757359586452324,0,0,304|567|714
900,0.38969170532000219,-0.55457240564044707,0,1,5|51|378
901,0.10255318372626686,1.0713045389296156,0,1,28|73|810|976
902,-0.14744248991816741,0.60293694375522222,1,,444|761|857
903,1.5882761071492624,-0.13002606149848983,1,,0|47|679
904,-0.62220744529471794,0.61910501846485255,1,,152|168|392
905,2.0602981705240784,-1.1609119563867389,0,0,71|223|371
906,-0.2254314492280993,0.032370100727030532,0,1,94|206|516
907,-1.2770164449702281,0.14732233048647056,0,1,106|227|649
908,0.069919580994825301,-0.46983650849872688,1,,81|310|413
909,-1.0762452003187681,0.43545833595741784,0,0,0|81|233
910,-0.75175584781350024,-0.78043345464445124,0,0,311|571|770
911,0.39703330001549114,0.50982070777611788,0,1,34|726|763
912,0.55558208865012482,0.55185877153129193,0,1,81|334|509
913,-0.62216770025425816,-2.9171598806970662,0,0,280|453|885
914,0.98740514504640065,1.1903057035101177,1,,32|110|509
915,1.1575077580211339,-3.0476325653527541,0,0,10|113|150
916,1.436301756563291,-0.61604902555612528,1,,20|369|517
917,0.52941340712572216,1.025348034257755,0,0,56|97|828
918,1.3634287120856987,-0.31728672525244067,0,0,34|259|764
919,-1.8807984279740577,-1.466185982469542,0,0,4|9|657
920,-0.31790654862846257,-1.0937370617166706,0,0,99|416|457
921,-0.86700525632342629,1.0269057463206197,0,0,18|23|117
922,0.11922586112739209,-1.9215045305486382,0,0,9|101|656
923,-0.5714492191967373,1.1289911009620173,0,0,52|68|544
924,-0.16615784194973238,-0.05510209904228934,0,0,305|329|756
925,1.8821748802040494,-1.1923953304424335,0,1,41|522|639
926,-0.16971979642037829,-0.58311507230269111,0,0,493|731|888
927,0.41379231719021392,-1.0172243411016413,0,0,3|217|273
928,-0.23226932992423521,0.86622520085852861,1,,301|482|681
929,0.075713287956833672,0.73242780976283828,0,0,50|137|266
930,0.0060166804360714593,-1.7191611338760466,0,0,58|69|312
931,0.44832406597315949,-0.40359211851933408,0,0,1|41|64
932,1.1653075355471769,-0.86318566234427707,0,0,0|84|99
933,1.6473939976033294,1.2935099684593703,1,,4|446|793
934,0.30962008190916684,-1.350099118126421,1,,131|136|265
935,0.58954688603560212,1.6042291046850139,0,1,4|103|270
936,-1.1508645091855669,-0.033294739516937566,0,0,338|521|780|964
937,-0.087876742415620573,-1.1619344063800876,0,1,684|754|896
938,0.940289464883589,-0.67727418400927786,0,0,223|456|463
939,0.86596863841715321,-0.80161884076845058,0,0,59|112|672
940,0.21160973279505021,-1.274618402015506,0,0,33|232|483
941,0.88639395956795242,0.094826859730375662,0,0,84|161|669
942,0.49076670899381886,-1.2279155506918433,0,0,114|236|390
943,1.2003062582593216,-2.1803662087381888,0,1,5|41|295
944,0.28935915695711112,-0.37967647084817308,0,0,4|5|150
945,-0.35569831557103465,-1.8028561964178826,0,0,11|28|190
946,0.33584125693302364,-0.75216086806752036,1,,95|161|318
947,-2.9305943758527757,-0.90910288860335586,0,0,7|18|301
948,0.38288573638504947,-0.87121607202581419,0,0,85|512|625
949,-3.6484128252147836,2.0009631015901537,0,0,85|846|873
950,-1.723463407405418,0.056411567169570763,0,0,453|662|844
951,0.45176860094098414,0.24537100899533215,0,0,0|6|392
952,0.47752933726679525,-1.7763982963422946,0,0,1|91|729
953,-1.1624287801399305,-0.65396313363692193,1,,3|25|564
954,-0.71210204187893877,0.21530262994151197,0,0,6|32|725|963
955,1.370540988614132,-1.0245289129130064,1,,9|247|688|956
956,-0.48403013157267616,0.90806284351798539,0,0,52|590|955
957,2.2429203124029851,-1.2026965859010301,0,0,48|134|247
958,-0.0019198531763461491,-0.28636613586517562,0,0,12|81|718
959,0.40803617688126681,-0.58605163997555865,0,0,21|116|721
960,1.6168743984986076,0.16432065938191598,1,,347|367|486
961,0.13102711619341956,-0.64049007185542595,0,0,38|110|544
962,-1.0023439806908012,-0.27089362707093734,0,0,71|398|629|969
963,-0.10972745169429012,-0.23613009177798555,0,0,23|73|954
964,-0.035610736190090933,-0.73438775739130102,0,0,4|412|936
965,-1.3647416522015654,0.48509386849711267,0,0,12|813|895
966,-0.25583207134082336,0.23838837483742528,1,,130|319|520
967,-0.74219209399743669,-0.088613945253167306,0,1,517|652|757
968,0.92435775718743407,-0.43045833346195811,0,1,15|79|102
969,0.034611874185255617,0.796544030519997,0,0,115|236|962
970,-0.28279574914757005,-0.23583424381418136,0,0,375|486|883
971,-0.10618193062257626,-0.30669728782593719,1,,1|98|775
972,0.22312201840616613,0.10469002988812601,0,0,16|240|316
973,0.6168141996897798,1.6965866829708507,0,1,291|625|776
974,-0.99971222866938136,-1.3403562080212039,0,0,66|162|370|997
975,-1.0415876326212719,0.76985689305535465,0,0,104|385|684
976,1.10467921540253,-1.893171161238105,0,0,268|463|901|995
977,-0.41233687220473059,0.21727315822862395,0,0,47|247|319
978,-1.4168420925968741,1.5750828276087308,0,1,5|6|285
979,0.44381270938310463,0.48866852446730713,0,1,199|268|546
980,0.4633698060326869,0.17062507853979281,0,1,56|224|411
981,-1.5307152572567064,-0.56044946880307556,0,0,5|772|776
982,0.2294817154636063,0.031047200488554239,1,,4|273|377
983,0.73558309242837361,-0.25206281540335629,0,0,161|226|455
984,0.37438645170626306,-0.78597660793135538,0,1,4|42|686
985,0.63198148376139529,-0.28987561547486984,0,0,6|12|323
986,-1.4042690980907491,0.19838116062643954,0,0,106|319|599
987,0.3310401549961956,-0.76721706853064031,0,0,246|329|450
988,-0.30261975947044656,-0.80628182068468413,0,0,373|448|544
989,-0.48279015872464481,-1.3602434375921744,1,,6|131|868
990,0.87055560941972654,0.39072502608889609,0,0,6|464|672
991,1.47927451067423,0.54532326196706038,0,0,16|488|515
992,1.7943700546003589,0.23166044423651747,0,1,64|256|592
993,1.3148078715059051,0.96517049272866584,0,0,223|521|802
994,-0.10973418163018368,0.08786763708072752,0,1,0|75|847
995,0.35272016302634307,0.39201093736575671,0,0,7|71|976
996,0.76682287178424369,0.30383742563756283,1,,25|213|368
997,0.12117794929946196,-0.091540019418207871,0,0,318|521|974
998,0.13076418791154437,-0.53082182812964729,0,1,21|213|534
999,0.82375313187618204,2.2141526157919111,1,,22|28|127
